{"_id":{"$oid":"5a6744cab52f987354e5f1aa"},"name":"Action"}
{"_id":{"$oid":"5a6744d2b52f987354e5f1ab"},"name":"Adventure"}
{"_id":{"$oid":"5a6744d8b52f987354e5f1ac"},"name":"Animation"}
{"_id":{"$oid":"5a6744dcb52f987354e5f1ad"},"name":"Comedy"}
{"_id":{"$oid":"5a6744dfb52f987354e5f1ae"},"name":"Crime"}
{"_id":{"$oid":"5a6744e4b52f987354e5f1af"},"name":"Documentary"}
{"_id":{"$oid":"5a6744e7b52f987354e5f1b0"},"name":"Drama"}
{"_id":{"$oid":"5a6744ebb52f987354e5f1b1"},"name":"Family"}
{"_id":{"$oid":"5a6744efb52f987354e5f1b2"},"name":"Fantasy"}
{"_id":{"$oid":"5a6744f2b52f987354e5f1b3"},"name":"History"}
{"_id":{"$oid":"5a6744f6b52f987354e5f1b4"},"name":"Horror"}
{"_id":{"$oid":"5a6744fab52f987354e5f1b5"},"name":"Music"}
{"_id":{"$oid":"5a6744feb52f987354e5f1b6"},"name":"Mystery"}
{"_id":{"$oid":"5a674503b52f987354e5f1b7"},"name":"Romance"}
{"_id":{"$oid":"5a67450bb52f987354e5f1b8"},"name":"Science Fiction"}
{"_id":{"$oid":"5a674511b52f987354e5f1b9"},"name":"TV Movie"}
{"_id":{"$oid":"5a674516b52f987354e5f1ba"},"name":"Thriller"}
{"_id":{"$oid":"5a67451bb52f987354e5f1bb"},"name":"War"}
{"_id":{"$oid":"5a674522b52f987354e5f1bc"},"name":"Western"}
