{"_id":{"$oid":"5a674bae48c7c454546c1a0d"},"adult":false,"backdrop_path":"/","budget":65000000,"homepage":"","original_language":"en","original_title":"Jumanji","overview":"When siblings Judy and Peter discover an enchanted board game that opens the door to a magical world, they unwittingly invite Alan -- an adult who's been trapped inside the game for 26 years -- into their living room. Alan's only hope for freedom is to finish the game, which proves risky as all three find themselves running from giant rhinoceroses, evil monkeys and other terrifying creatures.","poster_path":"/8wBKXZNod4frLZjAKSDuAcQ2dEU.jpg","release_date":{"$date":"1995-12-15T14:12:09.710Z"},"runtime":104,"status":"Released","tagline":"Roll the dice and unleash the excitement!","title":"Jumanji Collection","genres":[{"name":"Adventure","id":"5a6744d2b52f987354e5f1ab"},{"name":"Fantasy","id":"5a6744efb52f987354e5f1b2"},{"name":"Family","id":"5a6744ebb52f987354e5f1b1"}]}
{"_id":{"$oid":"5a674ce348c7c454546c1a0e"},"adult":false,"backdrop_path":"/","budget":0,"homepage":"http://therebedragonsmovie.com/","original_language":"en","original_title":"There Be Dragons","overview":"Arising out of the horror of the Spanish Civil War, a candidate for canonization is investigated by a journalist who discovers his own estranged father had a deep, dark and devastating connection to the saint's life.While researching the life of Josemaria Escriva, the controversial founder of Opus Dei, the young journalist Robert uncovers hidden stories of his estranged father Manolo, and is taken on a journey through the dark, terrible secrets of his family’s past.","poster_path":"/dKgPtWZkHkTeYQRvLTsO0RBYaQZ.jpg","release_date":{"$date":"2011-03-25T14:12:09.710Z"},"runtime":112,"status":"Released","tagline":"","title":"There Be Dragons","genres":[{"name":"Drama","id":"5a6744e7b52f987354e5f1b0"}]}
{"_id":{"$oid":"5a674e2148c7c454546c1a0f"},"adult":false,"backdrop_path":"/","budget":500000000,"homepage":"http://www.justiceleaguethemovie.com","original_language":"en","original_title":"Justice League","overview":"Fueled by his restored faith in humanity and inspired by Superman's selfless act, Bruce Wayne and Diana Prince assemble a team of metahumans consisting of Barry Allen, Arthur Curry, and Victor Stone to face the catastrophic threat of Steppenwolf and the Parademons who are on the hunt for three Mother Boxes on Earth.","poster_path":"/9rtrRGeRnL0JKtu9IMBWsmlmmZz.jpg","release_date":{"$date":"2017-11-15T00:00:00.000Z"},"runtime":120,"status":"Released","tagline":"","title":"Justice League","genres":[{"name":"Action","id":"5a6744cab52f987354e5f1aa"},{"name":"Adventure","id":"5a6744d2b52f987354e5f1ab"},{"name":"Fantasy","id":"5a6744efb52f987354e5f1b2"},{"name":"Science Fiction","id":"5a67450bb52f987354e5f1b8"}]}
{"_id":{"$oid":"5a6778996769802aa8d69bf6"},"adult":false,"backdrop_path":"/","budget":200000000,"homepage":"http://www.starwars.com","original_language":"en","original_title":"Star Wars: The Last Jedi","overview":"Rey develops her newly discovered abilities with the guidance of Luke Skywalker, who is unsettled by the strength of her powers. Meanwhile, the Resistance prepares to do battle with the First Order.","poster_path":"/xGWVjewoXnJhvxKW619cMzppJDQ.jpg","release_date":{"$date":"2017-12-13T00:00:00.000Z"},"runtime":152,"status":"Released","tagline":"The Saga Continues","title":"Star Wars: The Last Jedi","genres":[{"name":"Action","id":"5a6744cab52f987354e5f1aa"},{"name":"Adventure","id":"5a6744d2b52f987354e5f1ab"},{"name":"Fantasy","id":"5a6744efb52f987354e5f1b2"},{"name":"Science Fiction","id":"5a67450bb52f987354e5f1b8"}]}
{"_id":{"$oid":"5a677a0c6769802aa8d69bf7"},"adult":false,"backdrop_path":"/","budget":74000000,"homepage":"http://www.minionsmovie.com/","original_language":"en","original_title":"Minions","overview":"Minions Stuart, Kevin and Bob are recruited by Scarlet Overkill, a super-villain who, alongside her inventor husband Herb, hatches a plot to take over the world.","poster_path":"/q0R4crx2SehcEEQEkYObktdeFy.jpg","release_date":{"$date":"2015-06-17T00:00:00.000Z"},"runtime":91,"status":"Released","tagline":"Before Gru, they had a history of bad bosses","title":"Minions","genres":[{"name":"Family","id":"5a6744ebb52f987354e5f1b1"},{"name":"Animation","id":"5a6744d8b52f987354e5f1ac"},{"name":"Adventure","id":"5a6744d2b52f987354e5f1ab"},{"name":"Comedy","id":"5a6744dcb52f987354e5f1ad"}]}
{"_id":{"$oid":"5a677b8f6769802aa8d69bf8"},"adult":false,"backdrop_path":"/","budget":20000000,"homepage":"http://www.johnwickthemovie.com/","original_language":"en","original_title":"John Wick","overview":"Ex-hitman John Wick comes out of retirement to track down the gangsters that took everything from him.","poster_path":"/5vHssUeVe25bMrof1HyaPyWgaP.jpg","release_date":{"$date":"2014-10-22T00:00:00.000Z"},"runtime":101,"status":"Released","tagline":"Don't set him off.","title":"John Wick","genres":[{"name":"Action","id":"5a6744cab52f987354e5f1aa"},{"name":"Thriller","id":"5a674516b52f987354e5f1ba"}]}
{"_id":{"$oid":"5a677c3f6769802aa8d69bf9"},"adult":false,"backdrop_path":"/","budget":180000000,"homepage":"https://marvel.com/movies/movie/222/thor_ragnarok","original_language":"en","original_title":"Thor: Ragnarok","overview":"Thor is imprisoned on the other side of the universe and finds himself in a race against time to get back to Asgard to stop Ragnarok, the prophecy of destruction to his homeworld and the end of Asgardian civilization, at the hands of an all-powerful new threat, the ruthless Hela.","poster_path":"/oSLd5GYGsiGgzDPKTwQh7wamO8t.jpg","release_date":{"$date":"2017-10-25T00:00:00.000Z"},"runtime":130,"status":"Released","tagline":"No Hammer. No Problem.","title":"Thor: Ragnarok","genres":[{"name":"Action","id":"5a6744cab52f987354e5f1aa"},{"name":"Adventure","id":"5a6744d2b52f987354e5f1ab"},{"name":"Comedy","id":"5a6744dcb52f987354e5f1ad"},{"name":"Fantasy","id":"5a6744efb52f987354e5f1b2"},{"name":"Science Fiction","id":"5a67450bb52f987354e5f1b8"}]}
{"_id":{"$oid":"5a677d646769802aa8d69bfa"},"adult":false,"backdrop_path":"/","budget":84000000,"homepage":"http://thegreatestshowman.com/","original_language":"en","original_title":"The Greatest Showman","overview":"The story of American showman P.T. Barnum, founder of the circus that became the famous traveling Ringling Bros. and Barnum \u0026 Bailey Circus.","poster_path":"/dfhztJRiElqmYW4kpvjYe1gENsD.jpg","release_date":{"$date":"2017-12-20T00:00:00.000Z"},"runtime":105,"status":"Released","tagline":"Greatest show on Earth !","title":"The Greatest Showman","genres":[{"name":"Drama","id":"5a6744e7b52f987354e5f1b0"},{"name":"Music","id":"5a6744fab52f987354e5f1b5"}]}
{"_id":{"$oid":"5a677e086769802aa8d69bfb"},"adult":false,"backdrop_path":"/","budget":160000000,"homepage":"http://movies.disney.com/beauty-and-the-beast-2017","original_language":"en","original_title":"Beauty and the Beast","overview":"A live-action adaptation of Disney's version of the classic tale of a cursed prince and a beautiful young woman who helps him break the spell.","poster_path":"/tWqifoYuwLETmmasnGHO7xBjEtt.jpg","release_date":{"$date":"2017-03-16T00:00:00.000Z"},"runtime":129,"status":"Released","tagline":"Be our guest.","title":"Beauty and the Beast","genres":[{"name":"Family","id":"5a6744ebb52f987354e5f1b1"},{"name":"Fantasy","id":"5a6744efb52f987354e5f1b2"},{"name":"Romance","id":"5a674503b52f987354e5f1b7"}]}
{"_id":{"$oid":"5a6785136769802aa8d69bfc"},"adult":false,"backdrop_path":"/","budget":104000000,"homepage":"http://www.foxmovies.com/movies/kingsman-the-golden-circle","original_language":"en","original_title":"Kingsman: The Golden Circle","overview":"When an attack on the Kingsman headquarters takes place and a new villain rises, Eggsy and Merlin are forced to work together with the American agency known as the Statesman to save the world.","poster_path":"/34xBL6BXNYFqtHO9zhcgoakS4aP.jpg","release_date":{"$date":"2017-09-20T00:00:00.000Z"},"runtime":141,"status":"Released","tagline":"Reports of my death have been greatly exaggerated.","title":"Kingsman: The Golden Circle","genres":[{"name":"Action","id":"5a6744cab52f987354e5f1aa"},{"name":"Adventure","id":"5a6744d2b52f987354e5f1ab"},{"name":"Comedy","id":"5a6744dcb52f987354e5f1ad"}]}
{"_id":{"$oid":"5a6785e46769802aa8d69bfd"},"adult":false,"backdrop_path":"/","budget":35000000,"homepage":"http://itthemovie.com/","original_language":"en","original_title":"It","overview":"In a small town in Maine, seven children known as The Losers Club come face to face with life problems, bullies and a monster that takes the shape of a clown called Pennywise.","poster_path":"/9E2y5Q7WlCVNEhP5GiVTjhEhx1o.jpg","release_date":{"$date":"2017-09-05T00:00:00.000Z"},"runtime":135,"status":"Released","tagline":"Your fears are unleashed","title":"It","genres":[{"name":"Thriller","id":"5a674516b52f987354e5f1ba"},{"name":"Drama","id":"5a6744e7b52f987354e5f1b0"},{"name":"Horror","id":"5a6744f6b52f987354e5f1b4"},{"name":"Fantasy","id":"5a6744efb52f987354e5f1b2"}]}
{"_id":{"$oid":"5a67868d6769802aa8d69bfe"},"adult":false,"backdrop_path":"/","budget":0,"homepage":"","original_language":"en","original_title":"Sleight","overview":"A young street magician is left to take care of his little sister after his mother's passing and turns to drug dealing in the Los Angeles party scene to keep a roof over their heads. When he gets into trouble with his supplier, his sister is kidnapped and he is forced to rely on both his sleight of hand and brilliant mind to save her.","poster_path":"/wridRvGxDqGldhzAIh3IcZhHT5F.jpg","release_date":{"$date":"2017-04-28T00:00:00.000Z"},"runtime":89,"status":"Released","tagline":"You can change the cards you're dealt","title":"Sleight","genres":[{"name":"Thriller","id":"5a674516b52f987354e5f1ba"},{"name":"Drama","id":"5a6744e7b52f987354e5f1b0"},{"name":"Action","id":"5a6744cab52f987354e5f1aa"},{"name":"Science Fiction","id":"5a67450bb52f987354e5f1b8"}]}
{"_id":{"$oid":"5a67877a6769802aa8d69bff"},"adult":false,"backdrop_path":"/","budget":90000000,"homepage":"http://jumanjimovie.com","original_language":"en","original_title":"Jumanji: Welcome to the Jungle","overview":"The tables are turned as four teenagers are sucked into Jumanji's world - pitted against rhinos, black mambas and an endless variety of jungle traps and puzzles. To survive, they'll play as characters from the game.","poster_path":"/p2gr6MseDvYSMyKK4k1FmqaImpl.jpg","release_date":{"$date":"2017-12-08T00:00:00.000Z"},"runtime":119,"status":"Released","tagline":"","title":"Jumanji: Welcome to the Jungle","genres":[{"name":"Action","id":"5a6744cab52f987354e5f1aa"},{"name":"Adventure","id":"5a6744d2b52f987354e5f1ab"},{"name":"Comedy","id":"5a6744dcb52f987354e5f1ad"},{"name":"Family","id":"5a6744ebb52f987354e5f1b1"}]}
{"_id":{"$oid":"5a6787fb6769802aa8d69c00"},"adult":false,"backdrop_path":"/","budget":45000000,"homepage":"http://www.pitchperfectmovie.com/","original_language":"en","original_title":"Pitch Perfect 3","overview":"After the highs of winning the world championships, the Bellas find themselves split apart and discovering there aren't job prospects for making music with your mouth. But when they get the chance to reunite for an overseas USO tour, this group of awesome nerds will come together to make some music, and some questionable decisions, one last time.","poster_path":"/hQriQIpHUeh66I89gypFXtqEuVq.jpg","release_date":{"$date":"2017-12-21T00:00:00.000Z"},"runtime":93,"status":"Released","tagline":"Last Call Pitches","title":"Pitch Perfect 3","genres":[{"name":"Comedy","id":"5a6744dcb52f987354e5f1ad"}]}
{"_id":{"$oid":"5a6788966769802aa8d69c01"},"adult":false,"backdrop_path":"/","budget":175000000,"homepage":"","original_language":"en","original_title":"Coco","overview":"Despite his family’s baffling generations-old ban on music, Miguel dreams of becoming an accomplished musician like his idol, Ernesto de la Cruz. Desperate to prove his talent, Miguel finds himself in the stunning and colorful Land of the Dead following a mysterious chain of events. Along the way, he meets charming trickster Hector, and together, they set off on an extraordinary journey to unlock the real story behind Miguel's family history.","poster_path":"/eKi8dIrr8voobbaGzDpe8w0PVbC.jpg","release_date":{"$date":"2017-10-27T00:00:00.000Z"},"runtime":109,"status":"Released","tagline":"The celebration of a lifetime","title":"Coco","genres":[{"name":"Adventure","id":"5a6744d2b52f987354e5f1ab"},{"name":"Animation","id":"5a6744d8b52f987354e5f1ac"},{"name":"Family","id":"5a6744ebb52f987354e5f1b1"}]}
{"_id":{"$oid":"5a67890c6769802aa8d69c02"},"adult":false,"backdrop_path":"/","budget":10000000,"homepage":"https://a24films.com/films/the-disaster-artist","original_language":"en","original_title":"The Disaster Artist","overview":"An aspiring actor in Hollywood meets an enigmatic stranger by the name of Tommy Wiseau, the meeting leads the actor down a path nobody could have predicted; creating the worst movie ever made.","poster_path":"/uCH6FOFsDW6pfvbbmIIswuvuNtM.jpg","release_date":{"$date":"2017-11-30T00:00:00.000Z"},"runtime":103,"status":"Released","tagline":"I did naaaht! Oh, hi Mark","title":"The Disaster Artist","genres":[{"name":"Drama","id":"5a6744e7b52f987354e5f1b0"},{"name":"Comedy","id":"5a6744dcb52f987354e5f1ad"},{"name":"History","id":"5a6744f2b52f987354e5f1b3"}]}
{"_id":{"$oid":"5a6789a26769802aa8d69c03"},"adult":false,"backdrop_path":"/","budget":100000000,"homepage":"http://www.dunkirkmovie.com/","original_language":"en","original_title":"Dunkirk","overview":"The story of the miraculous evacuation of Allied soldiers from Belgium, Britain, Canada and France, who were cut off and surrounded by the German army from the beaches and harbour of Dunkirk between May 26th and June 4th 1940 during World War II.","poster_path":"/bOXBV303Fgkzn2K4FeKDc0O31q4.jpg","release_date":{"$date":"2017-07-19T00:00:00.000Z"},"runtime":107,"status":"Released","tagline":"Survival is a Victory","title":"Dunkirk","genres":[{"name":"Action","id":"5a6744cab52f987354e5f1aa"},{"name":"Drama","id":"5a6744e7b52f987354e5f1b0"},{"name":"History","id":"5a6744f2b52f987354e5f1b3"},{"name":"Thriller","id":"5a674516b52f987354e5f1ba"},{"name":"War","id":"5a67451bb52f987354e5f1bb"}]}
{"_id":{"$oid":"5a678a276769802aa8d69c04"},"adult":false,"backdrop_path":"/","budget":19400000,"homepage":"http://www.foxsearchlight.com/theshapeofwater/","original_language":"en","original_title":"The Shape of Water","overview":"An other-worldly story, set against the backdrop of Cold War era America circa 1962, where a mute janitor working at a lab falls in love with an amphibious man being held captive there and devises a plan to help him escape.","poster_path":"/iLYLADGA5oKGM92Ns1j9CDgk3iI.jpg","release_date":{"$date":"2017-12-01T00:00:00.000Z"},"runtime":123,"status":"Released","tagline":"","title":"The Shape of Water","genres":[{"name":"Drama","id":"5a6744e7b52f987354e5f1b0"},{"name":"Fantasy","id":"5a6744efb52f987354e5f1b2"},{"name":"Romance","id":"5a674503b52f987354e5f1b7"}]}
{"_id":{"$oid":"5a678ada6769802aa8d69c05"},"adult":false,"backdrop_path":"/","budget":0,"homepage":"","original_language":"en","original_title":"Olaf's Frozen Adventure","overview":"Olaf is on a mission to harness the best holiday traditions for Anna, Elsa, and Kristoff.","poster_path":"/47pLZ1gr63WaciDfHCpmoiXJlVr.jpg","release_date":{"$date":"2017-10-27T00:00:00.000Z"},"runtime":23,"status":"Released","tagline":"","title":"Olaf's Frozen Adventure","genres":[{"name":"Adventure","id":"5a6744d2b52f987354e5f1ab"},{"name":"Animation","id":"5a6744d8b52f987354e5f1ac"},{"name":"Comedy","id":"5a6744dcb52f987354e5f1ad"},{"name":"Family","id":"5a6744ebb52f987354e5f1b1"},{"name":"Fantasy","id":"5a6744efb52f987354e5f1b2"},{"name":"Music","id":"5a6744fab52f987354e5f1b5"}]}
